{"OXBR": {"fcfPsales": 0, "grossMargin": 0, "epsRate": 0, "fcf": 0, "fcfGrowth": 0, "minROE": 10.9}, "SYNL": {"fcfPsales": 2.223636363636363, "grossMargin": 12.651818181818184, "epsRate": 7.713333333333334, "fcf": 2, "fcfGrowth": 0, "minROE": 0.34}, "HCLP": {"fcfPsales": 0, "grossMargin": 0, "epsRate": 0, "fcf": 0, "fcfGrowth": 0, "minROE": -8.39}, "GBDC": {"fcfPsales": -253.67857142857142, "grossMargin": 88.82857142857142, "epsRate": 0, "fcf": -165, "fcfGrowth": 0, "minROE": 7.4}, "CVX": {"fcfPsales": 2.240909090909091, "grossMargin": 36.971818181818186, "epsRate": 18.159999999999997, "fcf": 5322, "fcfGrowth": 0, "minROE": 7.92}, "NVFY": {"fcfPsales": 0, "grossMargin": 0, "epsRate": 0, "fcf": -3, "fcfGrowth": 0, "minROE": 12.06}, "GLPW": {"fcfPsales": 2.005714285714286, "grossMargin": 18.652727272727272, "epsRate": 0, "fcf": 10, "fcfGrowth": 0, "minROE": -0.45}, "GAIN": {"fcfPsales": -130.673, "grossMargin": 100.0, "epsRate": 0, "fcf": -43, "fcfGrowth": 0, "minROE": -5.44}, "PFLT": {"fcfPsales": 0, "grossMargin": 0, "epsRate": 0, "fcf": 0, "fcfGrowth": 0, "minROE": 6.31}, "EMES": {"fcfPsales": 0, "grossMargin": 0, "epsRate": 0, "fcf": 0, "fcfGrowth": 0, "minROE": 39.05}, "DLHC": {"fcfPsales": 0.006363636363636086, "grossMargin": 15.391818181818183, "epsRate": 0, "fcf": 0, "fcfGrowth": 0, "minROE": -61.97}, "HCAP": {"fcfPsales": 0, "grossMargin": 0, "epsRate": 0, "fcf": 0, "fcfGrowth": 0, "minROE": 7.59}, "AGCO": {"fcfPsales": 3.539090909090909, "grossMargin": 19.022727272727273, "epsRate": 14.95, "fcf": 275, "fcfGrowth": 36.294, "minROE": -4.46}, "MCEP": {"fcfPsales": -62.19166666666666, "grossMargin": 75.785, "epsRate": 0, "fcf": -53, "fcfGrowth": 0, "minROE": 2.5}, "GFED": {"fcfPsales": 32.86818181818182, "grossMargin": 0, "epsRate": 8.388571428571428, "fcf": 7, "fcfGrowth": 0, "minROE": -13.4}, "RM": {"fcfPsales": 45.32, "grossMargin": 0, "epsRate": 0, "fcf": 56, "fcfGrowth": 0, "minROE": 7.87}, "FCLF": {"fcfPsales": 23.512727272727272, "grossMargin": 0, "epsRate": 0, "fcf": 3, "fcfGrowth": 0, "minROE": -10.34}, "FCAP": {"fcfPsales": 28.909090909090914, "grossMargin": 0, "epsRate": 4.11625, "fcf": 5, "fcfGrowth": 0, "minROE": 1.64}, "CBNJ": {"fcfPsales": 47.23454545454545, "grossMargin": 0, "epsRate": 0, "fcf": 10, "fcfGrowth": 0, "minROE": -39.79}, "GSVC": {"fcfPsales": 0, "grossMargin": 0, "epsRate": 0, "fcf": 0, "fcfGrowth": 0, "minROE": -12.24}, "SJW": {"fcfPsales": -11.278181818181817, "grossMargin": 65.74272727272728, "epsRate": 5.837000000000001, "fcf": -26, "fcfGrowth": 0, "minROE": 5.98}, "EMCF": {"fcfPsales": 12.853636363636362, "grossMargin": 0, "epsRate": 2.3057142857142865, "fcf": 2, "fcfGrowth": 0, "minROE": 3.93}, "INTT": {"fcfPsales": 4.350909090909091, "grossMargin": 41.21181818181818, "epsRate": 0, "fcf": 2, "fcfGrowth": 0, "minROE": -52.23}, "FET": {"fcfPsales": 8.445714285714287, "grossMargin": 30.85285714285714, "epsRate": 0, "fcf": 108, "fcfGrowth": 0, "minROE": 4.81}, "ACFC": {"fcfPsales": -20.304545454545455, "grossMargin": 0, "epsRate": 0, "fcf": -5, "fcfGrowth": 0, "minROE": -41.76}, "PFIS": {"fcfPsales": 29.429999999999996, "grossMargin": 0, "epsRate": 3.0424999999999995, "fcf": 8, "fcfGrowth": 0, "minROE": 3.08}, "WPX": {"fcfPsales": -18.15142857142857, "grossMargin": 49.127142857142864, "epsRate": 0, "fcf": -597, "fcfGrowth": 0, "minROE": -26.41}, "UBOH": {"fcfPsales": 28.202727272727273, "grossMargin": 0, "epsRate": 0.9371428571428569, "fcf": 6, "fcfGrowth": 0, "minROE": 5.13}, "WRLD": {"fcfPsales": 38.89272727272727, "grossMargin": 0, "epsRate": 20.568999999999996, "fcf": 177, "fcfGrowth": 598.0, "minROE": 19.25}, "GPS": {"fcfPsales": 7.329090909090909, "grossMargin": 37.87363636363636, "epsRate": 8.14, "fcf": 1129, "fcfGrowth": 0, "minROE": 14.68}, "HNNA": {"fcfPsales": 18.35, "grossMargin": 100.0, "epsRate": 0, "fcf": 4, "fcfGrowth": 0, "minROE": -0.8}, "ANCB": {"fcfPsales": -7.965999999999998, "grossMargin": 0, "epsRate": 0, "fcf": -1, "fcfGrowth": 0, "minROE": -38.48}, "LAKE": {"fcfPsales": -0.42363636363636364, "grossMargin": 28.404545454545453, "epsRate": 4.7700000000000005, "fcf": 0, "fcfGrowth": 0, "minROE": -44.09}, "SKBI": {"fcfPsales": -3.4120000000000004, "grossMargin": 50.56099999999999, "epsRate": 0, "fcf": 0, "fcfGrowth": 0, "minROE": -14.15}, "MAC": {"fcfPsales": -26.79999999999999, "grossMargin": 58.6675, "epsRate": 3.1660000000000004, "fcf": -232, "fcfGrowth": 0, "minROE": 1.06}, "VNCE": {"fcfPsales": 0.38000000000000017, "grossMargin": 36.64833333333333, "epsRate": 0, "fcf": -8, "fcfGrowth": 0, "minROE": 36.47}, "TPUB": {"fcfPsales": 0, "grossMargin": 0, "epsRate": 0, "fcf": 0, "fcfGrowth": 0, "minROE": 18.81}, "ARI": {"fcfPsales": 31.127142857142854, "grossMargin": 0, "epsRate": 0, "fcf": 40, "fcfGrowth": 0, "minROE": -1.11}, "AMBC": {"fcfPsales": -97.43599999999999, "grossMargin": 0, "epsRate": 0, "fcf": -519, "fcfGrowth": 0, "minROE": -76.75}, "ORC": {"fcfPsales": 0, "grossMargin": 0, "epsRate": 0, "fcf": 7, "fcfGrowth": 0, "minROE": -13.11}}